image_name,label,location,explanation
00c2d4658f6e4aaab784c60f7ea84ddf.jpg,0,,This image is real.
053142cad0704c9ebd79d9699857b8a8.jpg,0,,This image is real.
066cf588772442f3b674d772127f297b.jpg,0,,This image is real.
0851a68faffe4ce396b7a8e7587faf80.jpg,0,,This image is real.
0aa74139b5ec451d94f492c1245396b2.jpg,0,,This image is real.
0c061260064f4225948787c9e4f9a65f.jpg,0,,This image is real.
0ff57252ea5c481f86113ef8eea4228c.jpg,0,,This image is real.
114b68cdb93546d8a02903ccb174cd54.jpg,0,,This image is real.
150115b06492421e8a6771bf56325a66.jpg,0,,This image is real.
17b25932bedb41ef8f4b7adb4694bff9.jpg,0,,This image is real.
1c9bc955a66a40249f07c499077beb07.jpg,0,,This image is real.
1fa5a7ac4f244aeb947fd1786432f991.jpg,0,,This image is real.
202ed637f4e64a2e812cdaeeb4195b47.jpg,0,,This image is real.
2256803080b5429fa862e7f4eec4f8b2.jpg,0,,This image is real.
27cb7b24272e4f4d9efe13b7c03c3a18.jpg,0,,This image is real.
28e04ba45b364237ac1c719ac96e2bd5.jpg,0,,This image is real.
2ecf8c03ae054335a24dbecaa20fc853.jpg,0,,This image is real.
30ff90438f2f4bf5a4fef343aa04021f.jpg,0,,This image is real.
31e02f7f6de040f2aa9f5d8d9a51ae80.jpg,0,,This image is real.
3496277f5a944125aa22405b9a59fbc6.jpg,0,,This image is real.
3ca07343cf5e4654a34a4d867af2b08c.jpg,0,,This image is real.
3e6c50d595d741c687d9aa01b6b0b23c.jpg,0,,This image is real.
3ea0a49167ea42c6b74dd9135196d249.jpg,0,,This image is real.
3fa1bc0a97654113963be1bde63a36ba.jpg,0,,This image is real.
422d05a299234908a1c1465ec86c3932.jpg,0,,This image is real.
442bed3ada1e4f2c846835d8756c7602.jpg,0,,This image is real.
46e05e9e0a1e43fb8bd6496150d5afa4.jpg,0,,This image is real.
4d907815245b441faa47b82079363e34.jpg,0,,This image is real.
4f618d0809f54dd5be89d93ad2779deb.jpg,0,,This image is real.
5a405112899949a79d671cfff507bb07.jpg,0,,This image is real.
5acbd65ea3a3430ab40c1bc35d85d95a.jpg,0,,This image is real.
5e87308e42a54742bc10deca0f4fae78.jpg,0,,This image is real.
63c87cbbbb8e44b0b7fca163cbbacf88.jpg,0,,This image is real.
66f7718ddcd34b688d03fe3f1bd1474c.jpg,0,,This image is real.
6e2cc7c2a50c4d0092762097362db723.jpg,0,,This image is real.
71215ade8b3d44829a4bd97620677a90.jpg,0,,This image is real.
73159dfe14c74c5393e3a92a3b2d261c.jpg,0,,This image is real.
755e389278754acfa70a3cca012500b5.jpg,0,,This image is real.
761e0151b08e4ae0a8827d64cec2bb26.jpg,0,,This image is real.
76b56ea3b0904dca8bcca9b387139fe9.jpg,0,,This image is real.
7b6d7b5d690b4e14afe49423887f9874.jpg,0,,This image is real.
7c2f6f2cc0f1457aaf5cf19f21da7e57.jpg,0,,This image is real.
7e6f1a518f7142019dcd121677a75764.jpg,0,,This image is real.
7f4ee8218dca4bd0887f9c6f298d9fd1.jpg,0,,This image is real.
809108ba58c041f7941ba9caf370b81c.jpg,0,,This image is real.
812159d85e454377b960d8fbd41ab3de.jpg,0,,This image is real.
83d121c178b345c5a8c3059cc446beb2.jpg,0,,This image is real.
8406e44dea644ae08addf7952a4579f4.jpg,0,,This image is real.
86274c0ee9eb459d9071cffde8ed1e6d.jpg,0,,This image is real.
8840992135d54909a810e204a2f61ae4.jpg,0,,This image is real.
89dfc43956594e9bb9fdf005c587df9e.jpg,0,,This image is real.
8a07ee785b124417a05256ff5acb0de5.jpg,0,,This image is real.
8aa9d57d181b4221a415cf00b69bbec0.jpg,0,,This image is real.
8b48c2405b97430ba0f3ea2b7201514b.jpg,0,,This image is real.
8bac4da51f094d938114ab33c7535cbf.jpg,0,,This image is real.
8bc071e3607d46418709e522bfafce63.jpg,0,,This image is real.
919be36ef2934530944bda2f43940b33.jpg,0,,This image is real.
967b327e272540fca004f960f85170e0.jpg,0,,This image is real.
977791be86ae4c43964473a31f12018d.jpg,0,,This image is real.
99e874cd81ab418787bb1fb31acd0265.jpg,0,,This image is real.
9b55f98b247c415d977ba05d5fab899f.jpg,0,,This image is real.
9ba62b20ee574337a9731e895989aca2.jpg,0,,This image is real.
9d562ec0363844f4b9eb18114dadb6e1.jpg,0,,This image is real.
a06dfe299f414b7ca4e5062d9ed06de8.jpg,0,,This image is real.
a09f899924f94d60835645b9cfbc5369.jpg,0,,This image is real.
a3a86ef33776418f9d6a2bd70fa067a5.jpg,0,,This image is real.
aaca5be9c44a41b3875406c9b94832e2.jpg,0,,This image is real.
b107b3cad2d247e299ce449338287b57.jpg,0,,This image is real.
b569dd1a139246868f202adbb449b41d.jpg,0,,This image is real.
b7609bade39b4458b8df71c5281b74cb.jpg,0,,This image is real.
b8efee643f644015be1ba9db0c3f517a.jpg,0,,This image is real.
b9311d67498f484299fe906a0fcfb384.jpg,0,,This image is real.
be4688b056b84d78b85f6eecd21e220f.jpg,0,,This image is real.
c509acd28721436aa24c42432186560c.jpg,0,,This image is real.
c5ed4b57ed3e40e1898a2280b59177c5.jpg,0,,This image is real.
c62128f2cb194b998ad116d5d6d1acdf.jpg,0,,This image is real.
c6b686f77889488dbff796e0aa4931e7.jpg,0,,This image is real.
ca260859d9ab4b3eba02f1fd722745c0.jpg,0,,This image is real.
ca380289c7704e61968f9620626b33d1.jpg,0,,This image is real.
ce4f8e7226b44ecb9d0ca6770d3e94fe.jpg,0,,This image is real.
d01220e4517a4599840559eb89760171.jpg,0,,This image is real.
d03e7620dc2849d0b66d821ceb7350e8.jpg,0,,This image is real.
d05da8ce4e15499f8cc464c222fb5a74.jpg,0,,This image is real.
d3ffe5bad6ec40edbe798e93e1aeb784.jpg,0,,This image is real.
d8eeeb9889e740cc8b955e0f63533c34.jpg,0,,This image is real.
dab02b68a89e4d9fb9a72b5a63bb39cb.jpg,0,,This image is real.
ddbdce57d50241e1b4c86bf0a0311790.jpg,0,,This image is real.
e0f41b3efcff4b8395de1bf1fcad2484.jpg,0,,This image is real.
e74e8441bc22406085a021ddb52f6235.jpg,0,,This image is real.
e84655af8f4149299e0bb77133eedc3b.jpg,0,,This image is real.
ea0d3e33a9584fc49ee400030eeffec7.jpg,0,,This image is real.
eac30c35d6c3476d85af9e617ad60e3b.jpg,0,,This image is real.
ee256e6c093243d9baff193df50940fb.jpg,0,,This image is real.
ef7fe79fdd3749e188759f9909063eac.jpg,0,,This image is real.
f08bc0bf3f44429a89da67f78e7a3af6.jpg,0,,This image is real.
f60e878b3148411caeb3d6e336638abd.jpg,0,,This image is real.
f6afd4b3787747bca22f778764b28199.jpg,0,,This image is real.
fafbe61184e540a88190d93864b50229.jpg,0,,This image is real.
fc2af21e4be84e5895807261a8e5a184.jpg,0,,This image is real.
fd2d58616fde469eafba1bc9a559e396.jpg,0,,This image is real.
